0xFEC00213,0x7F020293,0x70128313,0x53130393,0x12337713,0x71C77793,0x5417F893,0x13722913
0x00292993,0x0009A013,0xFFDA2A93,0x005AAB13,0x000B0013,0xFEC22B93,0x000B8013,0xFA65AC13
0x000C0013,0x00022C93,0x000C8013,0x2585AD13,0x000D0013,0xFFF22D93,0x000D8013,0x00520433
0x007304B3,0x00940533,0x404305B3,0x40538633,0x408506B3,0x00526E33,0x00E36EB3,0x00C5EF33
0x007370B3,0x00B57133,0x01DE71B3,0x00522FB3,0x0063A833,0x00B52AB3,0x0,0x0
0x0,0x0,0x0,0x0,0x0,0x0,0x0,0x0
0x0,0x0,0x0,0x0,0x0,0x0,0x0,0x0
0x0,0x0,0x0,0x0,0x0,0x0,0x0,0x0
0x0,0x0,0x0,0x0,0x0,0x0,0x0,0x0
0x0,0x0,0x0,0x0,0x0,0x0,0x0,0x0
